Player,Position,FPTS,FPTS/G
Josh Allen (BUF),QB,405.2,25.3
Kyler Murray (ARI),QB,390.7,24.4
Aaron Rodgers (GB),QB,387.1,24.2
Patrick Mahomes II (KC),QB,380.3,25.4
Deshaun Watson (CLE),QB,376.4,23.5
Russell Wilson (DEN),QB,372.6,23.3
Ryan Tannehill (TEN),QB,350.3,21.9
Tom Brady (TB),QB,350,21.9
Justin Herbert (LAC),QB,342.8,22.9
Lamar Jackson (BAL),QB,341.7,22.8
Kirk Cousins (MIN),QB,319.2,20
Matt Ryan (IND),QB,293.3,18.3
Derek Carr (LV),QB,281,17.6
Ben Roethlisberger (FA),QB,277.2,18.5
Matthew Stafford (LAR),QB,270.5,16.9
Cam Newton (FA),QB,269.3,18
Baker Mayfield (CAR),QB,255.8,16
Jared Goff (DET),QB,253,16.9
Teddy Bridgewater (MIA),QB,252.1,16.8
Philip Rivers (FA),QB,251,15.7
Drew Brees (FA),QB,215.4,18
Carson Wentz (WAS),QB,213.4,17.8
Drew Lock (SEA),QB,196.4,15.1
Daniel Jones (NYG),QB,190.2,13.6
Joe Burrow (CIN),QB,178.6,17.9
Gardner Minshew II (PHI),QB,164.5,18.3
Mitch Trubisky (PIT),QB,161.8,16.2
Ryan Fitzpatrick (FA),QB,160.7,16.1
Taysom Hill (NO),QB,150.5,9.4
Sam Darnold (CAR),QB,145,12.1
Andy Dalton (NO),QB,143.9,13.1
Tua Tagovailoa (MIA),QB,140.4,14
Dak Prescott (DAL),QB,138.6,27.7
Nick Mullens (MIN),QB,128.2,12.8
Jalen Hurts (PHI),QB,112.2,7.5
Nick Foles (IND),QB,112.1,12.5
Alex Smith (FA),QB,79.6,10
Dwayne Haskins (FA),QB,75.2,10.7
Jimmy Garoppolo (SF),QB,69.4,11.6
Mike Glennon (FA),QB,65.5,13.1
Joe Flacco (NYJ),QB,57.7,11.5
Brandon Allen (CIN),QB,53.6,10.7
C.J. Beathard (JAC),QB,52.3,8.7
Kyle Allen (HOU),QB,46.1,11.5
Jake Luton (NO),QB,34.3,11.4
Jeff Driskel (HOU),QB,32,10.7
Marcus Mariota (ATL),QB,26.8,26.8
Chad Henne (KC),QB,23.7,7.9
Ryan Finley (FA),QB,21.2,4.2
Jacoby Brissett (CLE),QB,20.6,1.9
Mason Rudolph (PIT),QB,19.3,3.9
Colt McCoy (ARI),QB,19.1,4.8
Jarrett Stidham (LV),QB,16,3.2
Garrett Gilbert (FA),QB,15.5,7.8
Blaine Gabbert (TB),QB,15.3,3.8
Brett Rypien (DEN),QB,15.3,5.1
Chase Daniel (LAC),QB,14.2,3.6
John Wolford (LAR),QB,13.8,13.8
PJ Walker (CAR),QB,13.5,3.4
Taylor Heinicke (WAS),QB,11.7,11.7
Matt Barkley (BUF),QB,10.3,2.1
Trace McSorley (ARI),QB,9.3,4.7
Tyrod Taylor (NYG),QB,9,4.5
Chris Streveler (NYJ),QB,8.7,1.7
Ben DiNucci (FA),QB,7,2.3
Robert Griffin III (FA),QB,4.6,1.2
Brian Hoyer (NE),QB,3,3
Tyler Huntley (BAL),QB,2.9,1.5
David Blough (MIN),QB,2.8,2.8
Jameis Winston (NO),QB,2.4,0.6
Tommy Stevens (FA),QB,2.4,2.4
Joshua Dobbs (CLE),QB,2.1,2.1
Nathan Peterman (CHI),QB,1.9,1.9
Case Keenum (BUF),QB,1.8,0.9
Logan Woodside (TEN),QB,1.3,0.2
Geno Smith (SEA),QB,1.1,1.1
AJ McCarron (FA),QB,0.8,0.4
Tyler Bray (FA),QB,0.7,0.7
John Lovett (MIA),QB,0.6,0.1
Joe Webb III (FA),QB,0,0
Easton Stick (LAC),QB,0,0
Mike White (NYJ),QB,0,0
Matt Schaub (FA),QB,-0.4,-0.4
Nate Sudfeld (DET),QB,-0.5,-0.5
Tim Boyle (DET),QB,-0.9,-0.1
Josh Allen (BUF),QB,417.7,24.6
Justin Herbert (LAC),QB,395.6,23.3
Tom Brady (TB),QB,386.7,22.7
Patrick Mahomes II (KC),QB,374.2,22
Matthew Stafford (LAR),QB,346.8,20.4
Aaron Rodgers (GB),QB,336.3,21
Dak Prescott (DAL),QB,330.4,20.7
Joe Burrow (CIN),QB,328.1,20.5
Jalen Hurts (PHI),QB,321.2,21.4
Kyler Murray (ARI),QB,310.5,22.2
Kirk Cousins (MIN),QB,307.3,19.2
Ryan Tannehill (TEN),QB,282.3,16.6
Derek Carr (LV),QB,270.6,15.9
Carson Wentz (WAS),QB,264.9,15.6
Lamar Jackson (BAL),QB,253,21.1
Russell Wilson (DEN),QB,248.7,17.8
Jimmy Garoppolo (SF),QB,239.5,16
Mac Jones (NE),QB,238,14
Taylor Heinicke (WAS),QB,236.7,14.8
Matt Ryan (IND),QB,234.8,13.8
Ben Roethlisberger (FA),QB,228,14.3
Trevor Lawrence (JAC),QB,216,12.7
Teddy Bridgewater (MIA),QB,209.8,15
Jared Goff (DET),QB,202.4,14.5
Baker Mayfield (CAR),QB,193.8,13.8
Tua Tagovailoa (MIA),QB,190.9,14.7
Daniel Jones (NYG),QB,173.6,15.8
Sam Darnold (CAR),QB,170.5,14.2
Davis Mills (HOU),QB,167,12.8
Zach Wilson (NYJ),QB,162.9,12.5
Justin Fields (CHI),QB,136.9,11.4
Taysom Hill (NO),QB,122.8,10.2
Jameis Winston (NO),QB,120.3,17.2
Trevor Siemian (CHI),QB,93.2,15.5
Andy Dalton (NO),QB,93.1,11.6
Cam Newton (FA),QB,91.3,11.4
Tyrod Taylor (NYG),QB,86.7,14.5
Tyler Huntley (BAL),QB,86.7,12.4
Jacoby Brissett (CLE),QB,76.4,6.9
Trey Lance (SF),QB,67,11.2
Geno Smith (SEA),QB,55.3,13.8
Drew Lock (SEA),QB,52.8,8.8
Mike White (NYJ),QB,52,13
Josh Johnson (DEN),QB,48.4,12.1
Colt McCoy (ARI),QB,42.3,5.3
Mike Glennon (FA),QB,40.9,6.8
Gardner Minshew II (PHI),QB,34.6,11.5
Tim Boyle (DET),QB,30.4,7.6
Case Keenum (BUF),QB,29.6,5.9
Cooper Rush (DAL),QB,25.1,6.3
Jordan Love (GB),QB,24.2,4
Joe Flacco (NYJ),QB,23.8,11.9
Mason Rudolph (PIT),QB,19.4,9.7
PJ Walker (CAR),QB,16.8,3.4
Nick Foles (IND),QB,16.8,16.8
Marcus Mariota (ATL),QB,14.9,2.1
Jake Fromm (FA),QB,13.9,4.6
Brandon Allen (CIN),QB,13.8,2.8
Sean Mannion (SEA),QB,13,13
Brian Hoyer (NE),QB,12.3,2.5
Nick Mullens (MIN),QB,9.9,9.9
Mitch Trubisky (PIT),QB,9.1,1.8
Kyle Allen (HOU),QB,7.9,4
Garrett Gilbert (FA),QB,7.8,7.8
Ian Book (PHI),QB,4,4
Chad Henne (KC),QB,3.3,0.8
Chris Streveler (NYJ),QB,2,1
Blaine Gabbert (TB),QB,1.9,0.3
C.J. Beathard (JAC),QB,1.5,0.8
Sam Ehlinger (IND),QB,0.9,0.3
Ryan Fitzpatrick (FA),QB,0.7,0.7
David Blough (MIN),QB,0.6,0.6
Kellen Mond (CLE),QB,0.2,0.1
Nathan Peterman (CHI),QB,0.2,0.2
Bryce Perkins (LAR),QB,0,0
Jake Luton (NO),QB,0,0
Shane Buechele (KC),QB,0,0
Jacob Eason (CAR),QB,0,0
Brian Brohm (BUF),QB,0,0
Desmond Ridder (ATL),QB,0,0
Brett Ratliff (TEN),QB,0,0
Brock Purdy (SF),QB,0,0
Kyle Trask (TB),QB,0,0
Skylar Thompson (MIA),QB,0,0
E.J. Perry (JAC),QB,0,0
Malik Willis (TEN),QB,0,0
Anthony Brown (BAL),QB,0,0
Bailey Zappe (NE),QB,0,0
Jarrett Guarantano (ARI),QB,0,0
Chris Oladokun (KC),QB,0,0
Stone Smartt (LAC),QB,0,0
Chase Garbers (LV),QB,0,0
Kenny Pickett (PIT),QB,0,0
Matt Corral (CAR),QB,0,0
Sam Howell (WAS),QB,0,0
John Lovett (MIA),QB,0,0
Easton Stick (LAC),QB,0,0
Ben Chappell (WAS),QB,0,0
Adam Froman (ATL),QB,0,0
Brett Smith (TB),QB,0,0
Matt Barkley (BUF),QB,0,0
Ryan Griffin (TB),QB,0,0
Keith Null (CAR),QB,0,0
Erik Ainge (NYJ),QB,0,0
Hunter Cantwell (BAL),QB,0,0
Deshaun Watson (CLE),QB,0,0
Joshua Dobbs (CLE),QB,0,0
Brett Rypien (DEN),QB,0,0
Trace McSorley (ARI),QB,0,0
Jake Browning (CIN),QB,0,0
Jarrett Stidham (LV),QB,0,0
Will Grier (DAL),QB,0,0
Danny Etling (GB),QB,0,0
Nate Sudfeld (DET),QB,0,0
Jeff Driskel (HOU),QB,0,0
Kurt Benkert (FA),QB,-0.1,-0.1
Chase Daniel (LAC),QB,-0.2,-0.2
Davis Webb (NYG),QB,-0.3,-0.3
Feleipe Franks (ATL),QB,-0.4,-0.1
Logan Woodside (TEN),QB,-0.6,-0.2
John Wolford (LAR),QB,-0.9,-0.5
Josh Rosen (CLE),QB,-1.2,-0.4
Cooper Kupp (LAR),WR,294.5,17.3
Deebo Samuel (SF),WR,262,16.4
Ja'Marr Chase (CIN),WR,223.6,13.2
Justin Jefferson (MIN),WR,222.4,13.1
Davante Adams (LV),WR,221.3,13.8
Mike Evans (TB),WR,188.5,11.8
Tyreek Hill (MIA),WR,185.5,10.9
Stefon Diggs (BUF),WR,182.5,10.7
Mike Williams (LAC),WR,170.6,10.7
DK Metcalf (SEA),WR,169.3,10
Tyler Lockett (SEA),WR,168.4,10.5
Diontae Johnson (PIT),WR,167.4,10.5
Hunter Renfrow (LV),WR,156.1,9.2
CeeDee Lamb (DAL),WR,153.8,9.6
Keenan Allen (LAC),WR,151.8,9.5
Michael Pittman Jr. (IND),WR,150.6,8.9
Tee Higgins (CIN),WR,145.1,10.4
DJ Moore (CAR),WR,144.5,8.5
Chris Godwin (TB),WR,144.4,10.3
Brandin Cooks (HOU),WR,141.8,8.9
Jaylen Waddle (MIA),WR,141.8,8.9
Darnell Mooney (CHI),WR,138.7,8.2
Amon-Ra St. Brown (DET),WR,137.3,8.6
Terry McLaurin (WAS),WR,136.5,8
Marquise Brown (ARI),WR,135.3,8.5
Amari Cooper (CLE),WR,134.5,9
Adam Thielen (MIN),WR,132.8,10.2
Christian Kirk (JAC),WR,130.6,7.7
Kendrick Bourne (NE),WR,125.5,7.4
DeVonta Smith (PHI),WR,121.6,7.2
Van Jefferson (LAR),WR,118.2,7
A.J. Brown (PHI),WR,117.9,9.1
Tyler Boyd (CIN),WR,116.8,7.3
Brandon Aiyuk (SF),WR,114.3,6.7
K.J. Osborn (MIN),WR,108.5,6.4
Chase Claypool (PIT),WR,107.6,7.2
Marvin Jones Jr. (JAC),WR,107.2,6.3
Marquez Callaway (NO),WR,105.8,6.2
DeAndre Hopkins (ARI),WR,105.2,10.5
Tim Patrick (DEN),WR,103.4,6.5
Jakobi Meyers (NE),WR,103.3,6.5
A.J. Green (ARI),WR,102.8,6.4
Cedrick Wilson Jr. (MIA),WR,102.8,7.3
Allen Lazard (GB),WR,102.5,7.3
Russell Gage (TB),WR,97,7.5
Elijah Moore (NYJ),WR,95.2,8.7
Courtland Sutton (DEN),WR,92.2,5.4
Robert Woods (TEN),WR,92.2,10.2
Gabriel Davis (BUF),WR,90.9,6.1
Emmanuel Sanders (FA),WR,89.7,6.4
Robbie Anderson (CAR),WR,85.5,5
Odell Beckham Jr. (FA),WR,85.1,6.1
Byron Pringle (CHI),WR,84.8,5.3
Kalif Raymond (DET),WR,84.4,5.3
Mecole Hardman (KC),WR,81.9,4.8
Jarvis Landry (NO),WR,81,6.8
Antonio Brown (FA),WR,79.1,11.3
Cole Beasley (FA),WR,77.3,4.8
Deonte Harty (NO),WR,77.1,5.9
Donovan Peoples-Jones (CLE),WR,75.7,5.4
Bryan Edwards (ATL),WR,75.1,4.7
Braxton Berrios (NYJ),WR,75.1,4.7
Quez Watkins (PHI),WR,73,4.3
Corey Davis (NYJ),WR,71.2,7.9
Nick Westbrook-Ikhine (TEN),WR,69.6,4.6
Nelson Agholor (NE),WR,66.4,4.4
Jalen Guyton (LAC),WR,66.2,4.1
Randall Cobb (GB),WR,65.6,6
Laviska Shenault Jr. (CAR),WR,64,4
DeVante Parker (NE),WR,63.5,6.4
DeAndre Carter (LAC),WR,62.5,3.7
Freddie Swain (MIA),WR,61.5,3.6
Marquez Valdes-Scantling (KC),WR,61,5.5
Henry Ruggs III (FA),WR,60.5,8.6
Joshua Palmer (LAC),WR,59.9,4
Zay Jones (JAC),WR,58.9,3.9
Olamide Zaccheaus (ATL),WR,58.8,3.9
Jamison Crowder (BUF),WR,58.7,4.9
Jauan Jennings (SF),WR,58.2,4.5
Rashod Bateman (BAL),WR,57.5,4.8
Michael Gallup (DAL),WR,56.5,6.3
Zach Pascal (PHI),WR,56.5,3.5
DeSean Jackson (FA),WR,55.8,4
Tre'Quan Smith (NO),WR,55.7,5.6
Rondale Moore (ARI),WR,55.1,3.9
Kenny Golladay (NYG),WR,52.1,3.7
Jamal Agnew (JAC),WR,52,4.3
Josh Reynolds (DET),WR,51.6,4.7
T.Y. Hilton (FA),WR,51.1,5.1
Keelan Cole Sr. (LV),WR,50.9,3.6
Nico Collins (HOU),WR,50.6,3.6
Laquon Treadwell (NE),WR,49.4,4.1
Julio Jones (TB),WR,49.4,4.9
Allen Robinson II (LAR),WR,49,4.1
Jerry Jeudy (DEN),WR,47,4.7
Mack Hollins (LV),WR,46.3,2.9
Jalen Reagor (MIN),WR,45.1,2.7
Danny Amendola (FA),WR,44.8,5.6
Demarcus Robinson (BAL),WR,44.4,3
Devin Duvernay (BAL),WR,44.2,2.8
Sammy Watkins (GB),WR,43.4,3.9
Kadarius Toney (NYG),WR,43.4,4.8
Chris Conley (HOU),WR,42.6,3
Darius Slayton (NYG),WR,42.6,3.3
James Washington (DAL),WR,41.8,2.8
Sterling Shepard (NYG),WR,41.7,6
Calvin Ridley (ATL),WR,40.1,8
Damiere Byrd (ATL),WR,38.9,3.5
Antoine Wesley (ARI),WR,38.8,4.9
Adam Humphries (FA),WR,38.3,2.3
Marquise Goodwin (SEA),WR,37.2,2.7
Lil'Jordan Humphrey (NE),WR,36.9,4.6
Tyler Johnson (HOU),WR,36,2.3
Chester Rogers (CLE),WR,35,2.2
Chris Moore (HOU),WR,34.7,3.5
Cyril Grayson Jr. (FA),WR,34.6,11.5
Quintez Cephus (DET),WR,34.4,6.9
Cam Sims (WAS),WR,33.8,2.8
Rashard Higgins (CAR),WR,33.5,2.8
Malik Turner (SF),WR,32.9,4.7
Ashton Dulin (IND),WR,32.5,2
Isaiah McKenzie (BUF),WR,32.5,2.2
Brandon Zylstra (FA),WR,31,2.6
John Ross (FA),WR,30,3.3
Jakeem Grant Sr. (CLE),WR,28.5,1.9
Isaiah Ford (FA),WR,28.1,3.1
Greg Ward (FA),WR,27.6,2.8
D.J. Chark Jr. (DET),WR,27.4,9.1
Tavon Austin (BUF),WR,27.4,2.3
Ray-Ray McCloud (SF),WR,27.2,1.7
Ihmir Smith-Marsette (CHI),WR,23.6,3.9
Kendall Hinton (DEN),WR,23.5,2.1
Anthony Schwartz (CLE),WR,23.4,1.8
Albert Wilson (FA),WR,23,2.3
Tajae Sharpe (FA),WR,23,1.6
Breshad Perriman (TB),WR,22.4,4.5
Parris Campbell (IND),WR,22.2,3.7
James Proche II (BAL),WR,20.2,2.9
JuJu Smith-Schuster (KC),WR,19.8,4
Noah Brown (DAL),WR,18.4,1.8
Dee Eskridge (SEA),WR,18.3,2.3
KhaDarel Hodge (ATL),WR,17.7,1.5
Mohamed Sanu Sr. (FA),WR,17.7,2.2
N'Keal Harry (CHI),WR,16.4,1.6
Kristian Wilkerson (NE),WR,16.2,16.2
Dyami Brown (WAS),WR,16.1,1.6
Terrace Marshall Jr. (CAR),WR,15.8,1.3
Marcus Johnson (NYG),WR,15.8,2.3
Dante Pettis (CHI),WR,15.3,5.1
Trent Sherfield (MIA),WR,14.7,1.2
Scotty Miller (TB),WR,14.1,2.4
Denzel Mims (NYJ),WR,13.3,1.3
Ben Skowronek (LAR),WR,13.3,1.1
Kenny Stills (FA),WR,12.9,1.8
Tom Kennedy (DET),WR,12.4,1.8
Jeff Smith (NYJ),WR,11.2,1.2
Equanimeous St. Brown (CHI),WR,11.2,0.9
Phillip Dorsett II (HOU),WR,11,2.2
Dez Fitzpatrick (TEN),WR,10.9,3.6
Collin Johnson (NYG),WR,10.5,1.3
Trinity Benson (FA),WR,10.3,1.5
Chris Hogan (FA),WR,10.1,2
Shi Smith (CAR),WR,10.1,2
Auden Tate (PHI),WR,9.9,2.5
Josh Gordon (TEN),WR,9.2,1
Cameron Batson (ATL),WR,9,2.3
Anthony Miller (PIT),WR,8.5,2.8
Dezmon Patmon (IND),WR,8.1,2
Preston Williams (CAR),WR,7.8,1.3
Andre Roberts (CAR),WR,7.4,0.5
K.J. Hamler (DEN),WR,7.4,2.5
Dede Westbrook (FA),WR,6.8,0.5
Dax Milne (WAS),WR,6.4,0.7
Ja'Marcus Bradley (FA),WR,6.4,1.6
Brandon Powell (LAR),WR,6,1
Penny Hart (SEA),WR,5.9,0.5
C.J. Board (FA),WR,5.7,1
Amari Rodgers (GB),WR,5.6,0.4
Jason Moore Jr. (LAC),WR,5.6,5.6
Alex Erickson (WAS),WR,5.5,0.3
Jaelon Darden (TB),WR,5.4,0.6
Mike Thomas (CIN),WR,5.2,0.7
William Fuller V (FA),WR,4.6,2.3
Trent Taylor (CIN),WR,4.1,1
Gunner Olszewski (PIT),WR,4,0.3
Greg Dortch (ARI),WR,3.9,0.8
Curtis Samuel (WAS),WR,3.8,0.8
Willie Snead IV (FA),WR,3.8,0.5
Juwann Winfree (GB),WR,3.8,0.8
Kevin White (FA),WR,3.8,1
D.J. Montgomery (FA),WR,3.6,1.8
Pharoh Cooper (FA),WR,3.6,0.5
J.J. Arcega-Whiteside (SEA),WR,3.6,0.5
Trenton Irwin (CIN),WR,3.4,0.7
Seth Williams (JAC),WR,3.4,3.4
Cody Hollister (TEN),WR,3.3,1.1
Cody White (PIT),WR,3.3,0.6
KJ Hill Jr. (FA),WR,3,0.5
Jake Kumerow (BUF),WR,2.8,0.4
Mike Strachan (IND),WR,2.6,1.3
Christian Blake (FA),WR,2.5,0.3
Marcus Kemp (FA),WR,2.4,0.2
Tylan Wallace (BAL),WR,2.3,0.2
Dazz Newsome (FA),WR,2.3,0.8
Davion Davis (FA),WR,1.7,0.9
Keith Kirkwood (FA),WR,1.7,0.6
David Sills V (NYG),WR,1.7,0.4
Tyron Johnson (LV),WR,1.6,0.2
Tyrell Williams (FA),WR,1.4,1.4
Stanley Morgan Jr. (CIN),WR,1.4,0.1
Frank Darby (ATL),WR,1.4,0.4
Andy Isabella (ARI),WR,1.3,0.4
Kirk Merritt (NO),WR,1.3,1.3
C.J. Saunders (CAR),WR,1.1,1.1
Jaydon Mickens (FA),WR,1,0.1
Tarik Black (NYJ),WR,1,1
Marvin Hall (FA),WR,1,1
Tommylee Lewis (FA),WR,0.7,0.4
Miles Boykin (PIT),WR,0.6,0.3
Easop Winston Jr. (FA),WR,0.5,0.2
Keke Coutee (IND),WR,0.5,0.5
Maurice Ffrench (FA),WR,0.3,0.2
Isaiah Coulter (CHI),WR,0,0
Marquez Stevenson (BUF),WR,0,0
Demetric Felton Jr. (CLE),WR,0,0
Pooka Williams Jr. (FA),WR,0,0
Tutu Atwell (LAR),WR,0,0
Dan Chisena (MIN),WR,0,0
Josh Hammond (FA),WR,0,0
Matt Cole (FA),WR,0,0
Vyncint Smith (DEN),WR,0,0
Damion Ratley (FA),WR,0,0
Jordan Veasy (FA),WR,0,0
John Hightower (FA),WR,0,0
Mason Kinsey (TEN),WR,0,0
Tyrie Cleveland (DEN),WR,0,0
Antonio Gandy-Golden (FA),WR,0,0
Cody Thompson (SEA),WR,0,0
Quinton Bell (ATL),WR,0,0
Nsimba Webster (CHI),WR,0,0
Jacob Harris (LAR),WR,0,0
Michael Bandy (LAC),WR,0,0
Dillon Stoner (LV),WR,0,0
Landen Akers (FA),WR,0,0
Brandon Smith (DAL),WR,0,0
Osirus Mitchell (FA),WR,0,0
Kawaan Baker (NO),WR,0,0
Jalen Camp (HOU),WR,0,0
John Brown (FA),WR,0,0
Daurice Fountain (KC),WR,0,0
Matthew Slater (NE),WR,0,0
Geronimo Allison (FA),WR,0,0
Rodney Adams (FA),WR,0,0
River Cracraft (MIA),WR,0,0
David Moore (CHI),WR,0,0
Ryan Switzer (FA),WR,0,0
Justin Hardee (NYJ),WR,0,0
JoJo Natson (FA),WR,0,0
Allen Hurns (FA),WR,0,0
Ty Montgomery (NE),WR,0,0
Devin Smith (FA),WR,0,0
Alex Bachman (FA),WR,-0.3,-0.2
Malik Taylor (FA),WR,-0.6,-0.1
Racey McMath (TEN),WR,-1.2,-0.2
J.J. Koski (FA),WR,-2,-0.7
Travis Benjamin (FA),WR,-2,-0.4
Diontae Spencer (NYJ),WR,-4.3,-0.3
Davante Adams (LV),WR,243.4,17.4
Tyreek Hill (MIA),WR,241.9,16.1
Stefon Diggs (BUF),WR,201.6,12.6
Calvin Ridley (ATL),WR,191.5,12.8
DK Metcalf (SEA),WR,188.3,11.8
Justin Jefferson (MIN),WR,186.2,11.6
Adam Thielen (MIN),WR,180,12
Mike Evans (TB),WR,178.6,11.2
A.J. Brown (PHI),WR,177.5,12.7
DeAndre Hopkins (ARI),WR,172.8,10.8
Tyler Lockett (SEA),WR,165.4,10.3
Allen Robinson II (LAR),WR,160.9,10.1
Robert Woods (TEN),WR,155.1,9.7
Chase Claypool (PIT),WR,152.9,9.6
Marvin Jones Jr. (JAC),WR,151.8,9.5
Brandin Cooks (HOU),WR,151,10.1
DJ Moore (CAR),WR,145.5,9.7
Keenan Allen (LAC),WR,145.1,10.4
Amari Cooper (CLE),WR,144.8,9.1
CeeDee Lamb (DAL),WR,143.7,9
Nelson Agholor (NE),WR,137.6,8.6
JuJu Smith-Schuster (KC),WR,137.1,8.6
Terry McLaurin (WAS),WR,136.8,9.1
William Fuller V (FA),WR,135.9,12.4
Curtis Samuel (WAS),WR,135.1,9
Diontae Johnson (PIT),WR,133.8,8.9
Robbie Anderson (CAR),WR,129.1,8.1
Tee Higgins (CIN),WR,127.6,8
Corey Davis (NYJ),WR,126.4,9
Chris Godwin (TB),WR,126,10.5
Cole Beasley (FA),WR,125.5,8.4
Marquise Brown (ARI),WR,125,7.8
Brandon Aiyuk (SF),WR,124.5,10.4
Cooper Kupp (LAR),WR,116.7,7.8
Jarvis Landry (NO),WR,116,7.7
Michael Gallup (DAL),WR,114.3,7.1
Tyler Boyd (CIN),WR,113.6,7.6
Jamison Crowder (BUF),WR,113,9.4
Tim Patrick (DEN),WR,110.2,7.3
Russell Gage (TB),WR,109.1,6.8
T.Y. Hilton (FA),WR,108.2,7.2
Mike Williams (LAC),WR,105.7,7
Jerry Jeudy (DEN),WR,105.6,6.6
Marquez Valdes-Scantling (KC),WR,104.3,6.5
Emmanuel Sanders (FA),WR,103.8,7.4
DeVante Parker (NE),WR,103.3,7.4
Gabriel Davis (BUF),WR,101.9,6.4
D.J. Chark Jr. (DET),WR,100.6,7.7
Keelan Cole Sr. (LV),WR,100.4,6.3
Laviska Shenault Jr. (CAR),WR,99.1,7.1
Christian Kirk (JAC),WR,98.4,7
Sterling Shepard (NYG),WR,96.5,8
Julio Jones (TB),WR,95.1,10.6
Zach Pascal (PHI),WR,92.9,5.8
Darnell Mooney (CHI),WR,91.1,5.7
Darius Slayton (NYG),WR,91,5.7
Mecole Hardman (KC),WR,87.1,5.4
Rashard Higgins (CAR),WR,83.9,6.5
David Moore (CHI),WR,83.8,5.2
Jakobi Meyers (NE),WR,83.6,6
Kendrick Bourne (NE),WR,80.7,5.4
Greg Ward (FA),WR,80.1,5
Travis Fulgham (GB),WR,77.9,6
Hunter Renfrow (LV),WR,75.6,4.7
Josh Reynolds (DET),WR,72.3,4.5
Antonio Brown (FA),WR,72.1,9
Isaiah McKenzie (BUF),WR,69.6,4.4
Scotty Miller (TB),WR,69.5,4.3
James Washington (DAL),WR,69.2,4.3
Breshad Perriman (TB),WR,69.1,5.8
Jalen Guyton (LAC),WR,69.1,4.3
Tre'Quan Smith (NO),WR,69.1,4.9
Damiere Byrd (ATL),WR,67.9,4.2
Allen Lazard (GB),WR,64.8,6.5
A.J. Green (ARI),WR,64.3,4
Odell Beckham Jr. (FA),WR,63.8,9.1
John Brown (FA),WR,63.8,7.1
Demarcus Robinson (BAL),WR,62.6,4.2
Randall Cobb (GB),WR,62.1,6.2
Willie Snead IV (FA),WR,61.2,4.7
Danny Amendola (FA),WR,60.4,4.3
Braxton Berrios (NYJ),WR,60.3,3.8
K.J. Hamler (DEN),WR,60.1,4.6
Anthony Miller (PIT),WR,59.7,3.7
Tyron Johnson (LV),WR,59.5,5
Michael Pittman Jr. (IND),WR,58.9,4.5
Henry Ruggs III (FA),WR,58.1,4.5
Chris Conley (HOU),WR,57.1,3.8
Preston Williams (CAR),WR,56.8,7.1
Jalen Reagor (MIN),WR,56.2,5.1
Cam Sims (WAS),WR,54.2,3.4
Keke Coutee (IND),WR,54,6.8
Golden Tate (FA),WR,51.5,4.3
Sammy Watkins (GB),WR,51.4,5.1
Jakeem Grant Sr. (CLE),WR,51.3,3.7
Miles Boykin (PIT),WR,50.6,3.2
Deebo Samuel (SF),WR,47.7,6.8
Larry Fitzgerald (FA),WR,46.9,3.6
Quintez Cephus (DET),WR,46.9,3.6
Kenny Golladay (NYG),WR,45.8,9.2
Donovan Peoples-Jones (CLE),WR,44.4,3.7
Michael Thomas (NO),WR,43.9,6.3
Marvin Hall (FA),WR,42.3,3.5
Richie James Jr. (NYG),WR,41.4,3.8
Collin Johnson (NYG),WR,41.2,2.9
N'Keal Harry (CHI),WR,40.9,2.9
DaeSean Hamilton (FA),WR,39.3,2.5
Denzel Mims (NYJ),WR,37.7,4.2
Julian Edelman (FA),WR,35.2,5.9
Adam Humphries (FA),WR,34.8,5
Cedrick Wilson Jr. (MIA),WR,34.6,2.2
Andy Isabella (ARI),WR,33.8,2.6
Olamide Zaccheaus (ATL),WR,33.4,3
Devin Duvernay (BAL),WR,33.1,2.1
DeSean Jackson (FA),WR,30.8,6.2
Steven Sims Jr. (PIT),WR,30.3,2.5
Chad Beebe (FA),WR,30.1,2.2
Chad Hansen (FA),WR,29.6,5.9
Tyler Johnson (HOU),WR,28.9,2.1
Dontrelle Inman (FA),WR,28.3,2.8
Byron Pringle (CHI),WR,28,2.3
Van Jefferson (LAR),WR,27.9,1.7
Freddie Swain (MIA),WR,27.9,1.7
Deonte Harty (NO),WR,27.7,3.1
Isaiah Ford (FA),WR,27.6,2.8
Mohamed Sanu Sr. (FA),WR,27,2.7
Lynn Bowden Jr. (NE),WR,25.6,2.6
Marcus Johnson (NYG),WR,25.5,2.3
Bryan Edwards (ATL),WR,25.3,2.1
Zay Jones (JAC),WR,22.6,1.4
Mack Hollins (LV),WR,21.6,1.4
Marquez Callaway (NO),WR,21.3,1.9
Bisi Johnson (MIN),WR,20.9,1.3
Gunner Olszewski (PIT),WR,20.5,1.6
Kenny Stills (FA),WR,20.4,2
Isaiah Wright (FA),WR,19.3,1.4
John Hightower (FA),WR,18.8,1.4
Equanimeous St. Brown (CHI),WR,18.4,1.5
Kalif Raymond (DET),WR,18.4,1.2
Cameron Batson (ATL),WR,18,1.5
KhaDarel Hodge (ATL),WR,18,2
Brandon Powell (LAR),WR,17.6,1.2
Alshon Jeffery (FA),WR,17.5,2.5
Mike Thomas (CIN),WR,17.3,1.2
KeeSean Johnson (FA),WR,17.3,2.2
Laquon Treadwell (NE),WR,16.9,3.4
Jeff Smith (NYJ),WR,16.7,1.4
Dez Bryant (FA),WR,16.7,2.8
Quez Watkins (PHI),WR,16.6,2.8
Jamal Agnew (JAC),WR,16.2,1.2
Noah Brown (DAL),WR,15.8,1
Malcolm Perry (FA),WR,15.7,1.7
Auden Tate (PHI),WR,15,1.7
Christian Blake (FA),WR,14.1,0.9
Malik Taylor (FA),WR,13.5,0.9
DeMichael Harris (FA),WR,12.5,1.8
Ray-Ray McCloud (SF),WR,12.2,0.8
Chris Hogan (FA),WR,11.8,2.4
Dante Pettis (CHI),WR,11.6,1.7
Javon Wims (FA),WR,11,0.8
Alex Erickson (WAS),WR,10.6,0.7
Lil'Jordan Humphrey (NE),WR,10.6,3.5
Diontae Spencer (NYJ),WR,10.5,1
J.J. Arcega-Whiteside (SEA),WR,10.5,1.3
C.J. Board (FA),WR,10.4,0.7
Justin Watson (KC),WR,9.4,0.9
Austin Mack (FA),WR,9.1,0.8
Joe Reed (LAC),WR,8.9,0.8
Parris Campbell (IND),WR,8.7,4.4
Austin Carr (FA),WR,8.7,1.5
Trent Taylor (CIN),WR,8.6,0.7
Jake Kumerow (BUF),WR,8.2,1.4
Pharoh Cooper (FA),WR,7.3,0.5
Courtland Sutton (DEN),WR,6.6,6.6
Ashton Dulin (IND),WR,6.4,0.5
Damion Ratley (FA),WR,6.3,1.3
Tyrie Cleveland (DEN),WR,6.3,0.6
Ja'Marcus Bradley (FA),WR,6,2
Steven Mitchell Jr. (FA),WR,6,1
Jaydon Mickens (FA),WR,5.8,0.6
KJ Hill Jr. (FA),WR,5.3,0.4
Nick Westbrook-Ikhine (TEN),WR,5.3,0.4
Trent Sherfield (MIA),WR,5,0.3
Isaiah Zuber (LV),WR,5,1.3
River Cracraft (MIA),WR,4.1,0.5
Ted Ginn Jr. (FA),WR,4,0.8
Riley Ridley (FA),WR,3.9,0.8
Robert Foster (FA),WR,3.7,0.9
Brandon Zylstra (FA),WR,3.6,0.2
Lawrence Cager (NYJ),WR,3.5,1.8
Terry Godwin (FA),WR,3.5,1.2
Seth Roberts (FA),WR,3.1,0.4
Josh Malone (FA),WR,2.8,0.7
Darrius Shepherd (DEN),WR,2.6,0.3
Antonio Gandy-Golden (FA),WR,2.5,0.4
Daurice Fountain (KC),WR,2.3,0.5
Penny Hart (SEA),WR,2.2,0.2
Antonio Callaway (FA),WR,2,0.4
Donte Moncrief (FA),WR,1.9,0.3
Deontay Burnett (FA),WR,1.9,1
Tommylee Lewis (FA),WR,1.9,0.4
John Ross (FA),WR,1.7,0.6
Jaleel Scott (FA),WR,1.6,1.6
James Proche II (BAL),WR,1.4,0.1
Vyncint Smith (DEN),WR,1.3,0.2
Keith Kirkwood (FA),WR,1.3,1.3
Cody Hollister (TEN),WR,1.2,0.6
Bennie Fowler III (FA),WR,1.1,0.2
Marcus Kemp (FA),WR,1.1,0.1
Gehrig Dieter (FA),WR,1,0.3
Trenton Irwin (CIN),WR,0.5,0.5
JoJo Natson (FA),WR,0.3,0.1
Chris Rowland (FA),WR,0,0
Kristian Wilkerson (NE),WR,0,0
Dan Chisena (MIN),WR,0,0
Matt Cole (FA),WR,0,0
Derrick Willies (FA),WR,0,0
Jason Moore Jr. (LAC),WR,0,0
Alex Bachman (FA),WR,0,0
Quinton Bell (ATL),WR,0,0
Juwann Winfree (GB),WR,0,0
Keelan Doss (FA),WR,0,0
Stanley Morgan Jr. (CIN),WR,0,0
K.J. Osborn (MIN),WR,0,0
Rico Gafford (FA),WR,0,0
Isaiah Coulter (CHI),WR,0,0
Kirk Merritt (NO),WR,0,0
Dezmon Patmon (IND),WR,0,0
Reggie Begelton (FA),WR,0,0
Malik Turner (SF),WR,0,0
Hakeem Butler (FA),WR,0,0
Tony Brown (FA),WR,0,0
Jordan Matthews (SF),WR,0,0
Tavon Austin (BUF),WR,0,0
Matthew Slater (NE),WR,0,0
Marken Michel (WAS),WR,0,0
Taywan Taylor (FA),WR,0,0
Duke Williams (FA),WR,0,0
Chris Moore (HOU),WR,0,0
Tajae Sharpe (FA),WR,0,0
Johnny Holton (FA),WR,0,0
Fred Brown (FA),WR,0,0
Cyril Grayson Jr. (FA),WR,0,0
Deante Burton (FA),WR,0,0
Jeff Badet (FA),WR,0,0
Trey Quinn (FA),WR,0,0
Deon Cain (PHI),WR,0,0
Justin Hardee (NYJ),WR,0,0
Kevin White (FA),WR,0,0
Ty Montgomery (NE),WR,0,0
Kendall Hinton (DEN),WR,-0.8,-0.8
Andre Roberts (CAR),WR,-0.9,-0.1
DeAndre Carter (LAC),WR,-1.2,-0.1
Dede Westbrook (FA),WR,-1.6,-0.8
Dwayne Harris (FA),WR,-2,-0.7
Nsimba Webster (CHI),WR,-2,-0.1
Travis Kelce (KC),TE,103.9,6.95
Rob Gronkowski (FA),TE,104.3,6.5
Jared Cook (FA),TE,90.4,6
Jimmy Graham (FA),TE,93.6,5.9
Eric Ebron (FA),TE,85.8,5.7
Darren Waller (LV),TE,85.8,5.35
George Kittle (SF),TE,38.55,4.8
Tyler Higbee (LAR),TE,44.05,4.75
Jordan Reed (FA),TE,47.1,4.7
Trey Burton (FA),TE,55.3,4.3
Mark Andrews (BAL),TE,56.05,4
Robert Tonyan (GB),TE,62.3,3.9
C.J. Uzomah (NYJ),TE,7.35,3.7
Mike Gesicki (MIA),TE,53.15,3.55
Darren Fells (FA),TE,55.2,3.5
T.J. Hockenson (DET),TE,54.15,3.4
O.J. Howard (HOU),TE,13.3,3.35
Jonnu Smith (NE),TE,49.6,3.3
Logan Thomas (WAS),TE,52.3,3.25
Dallas Goedert (PHI),TE,35.2,3.2
Tyler Eifert (FA),TE,46.9,3.1
Hunter Henry (NE),TE,42.65,3.05
Noah Fant (SEA),TE,43.65,2.9
Hayden Hurst (CIN),TE,46.55,2.9
Jack Doyle (FA),TE,41.1,2.9
Chris Herndon IV (FA),TE,42.7,2.7
Greg Olsen (FA),TE,29.9,2.7
Irv Smith Jr. (MIN),TE,34.25,2.65
Dalton Schultz (DAL),TE,41.75,2.6
Jacob Hollister (FA),TE,40.9,2.6
Austin Hooper (TEN),TE,33.75,2.6
Evan Engram (JAC),TE,39,2.45
Albert Okwuegbunam (DEN),TE,9.05,2.25
Dawson Knox (BUF),TE,21.65,2.05
Dan Arnold (JAC),TE,32.9,2.05
Zach Ertz (ARI),TE,20.75,1.9
Virgil Green (FA),TE,11,1.8
Jordan Akins (HOU),TE,23.35,1.8
James O'Shaughnessy (FA),TE,26.2,1.7
Dominique Dafney (FA),TE,8.6,1.7
Richard Rodgers (LAC),TE,23.25,1.65
Mo Alie-Cox (IND),TE,24.7,1.65
Jason Croom (FA),TE,6.3,1.6
Gerald Everett (LAC),TE,25.95,1.6
Lee Smith (FA),TE,15.5,1.6
Kyle Rudolph (TB),TE,18.7,1.55
Jace Sternberger (FA),TE,17.4,1.5
Ryan Izzo (FA),TE,17.9,1.5
Tyler Kroft (SF),TE,14.95,1.5
Anthony Firkser (ATL),TE,22.35,1.4
Nick Boyle (BAL),TE,11.65,1.3
Darrell Daniels (FA),TE,15.2,1.3
Donald Parham Jr. (LAC),TE,16.95,1.3
David Njoku (CLE),TE,16.65,1.3
Harrison Bryant (CLE),TE,18.9,1.25
Cameron Brate (TB),TE,20.1,1.25
Blake Jarwin (FA),TE,1.2,1.2
Drew Sample (CIN),TE,19.45,1.2
Jason Witten (FA),TE,18.9,1.2
Will Dissly (SEA),TE,18.55,1.15
Jordan Thomas (FA),TE,6.3,1.1
Durham Smythe (MIA),TE,16.4,1.1
Pharaoh Brown (HOU),TE,14.15,1.1
Adam Shaheen (MIA),TE,16.5,1.05
Cole Kmet (CHI),TE,17,1.05
Marcedes Lewis (GB),TE,14.35,0.95
Ross Dwelley (SF),TE,15.25,0.95
Hunter Bryant (FA),TE,4.4,0.9
Maxx Williams (ARI),TE,8.1,0.9
Troy Fumagalli (SF),TE,7,0.9
Foster Moreau (LV),TE,13,0.8
Jesse James (CLE),TE,12.45,0.8
Tyler Conklin (NYJ),TE,12.7,0.8
Josh Hill (FA),TE,10.6,0.8
Adam Trautman (NO),TE,11.55,0.75
MyCole Pruitt (ATL),TE,8.45,0.75
Vance McDonald (FA),TE,9.9,0.7
Geoff Swaim (TEN),TE,7.15,0.7
Kaden Smith (FA),TE,11.2,0.7
Ian Thomas (CAR),TE,10.25,0.65
Devin Asiasi (CIN),TE,4.95,0.6
Kahale Warring (FA),TE,3.5,0.5
Nick Vannett (NO),TE,7.75,0.5
Luke Stocker (FA),TE,6.3,0.4
Stephen Anderson (ARI),TE,5.3,0.35
Blake Bell (KC),TE,5.6,0.35
Nick Keizer (FA),TE,4.3,0.3
Josiah Deguara (GB),TE,0.6,0.3
Juwan Johnson (NO),TE,1.95,0.3
Ryan Griffin (CHI),TE,4.3,0.3
Demetrius Harris (FA),TE,4.5,0.3
Levine Toilolo (FA),TE,4.6,0.3
Deon Yelder (FA),TE,3.6,0.3
Colin Thompson (CAR),TE,3.35,0.2
Jaeden Graham (FA),TE,2.5,0.2
Tanner Hudson (NYG),TE,2.05,0.2
Cethan Carter (MIA),TE,2.65,0.2
Ben Ellefson (MIN),TE,1.5,0.2
Daniel Brown (FA),TE,3.1,0.2
Stephen Carlson (FA),TE,3.1,0.2
Luke Willson (FA),TE,1.2,0.2
Brandon Dillon (FA),TE,0.6,0.2
Johnny Mundt (MIN),TE,2.65,0.15
Colby Parkinson (SEA),TE,0.8,0.15
Dalton Keene (PHI),TE,0.8,0.15
Chris Manhertz (JAC),TE,2.6,0.15
Charlie Woerner (SF),TE,1.8,0.15
Jake Butt (FA),TE,0.5,0.1
Derek Carrier (FA),TE,1.4,0.1
Temarrick Hemingway (FA),TE,1,0.1
Eric Saubert (DEN),TE,0.8,0.1
Mason Schreck (HOU),TE,0,0
Sean McKeon (DAL),TE,0,0
Teagan Quitoriano (HOU),TE,0,0
Zach Davidson (BUF),TE,0,0
Trevon Wesco (CHI),TE,0.25,0
Seth DeValve (FA),TE,0,0
Shane Zylstra (DET),TE,0,0
Matthew Orzech (LAR),TE,0,0
Shaun Beyer (GB),TE,0,0
Matt Sokol (NE),TE,0,0
Tyler Davis (GB),TE,0,0
Miller Forristall (CLE),TE,0,0
Tre' McKitty (LAC),TE,0,0
Marquez Branson (ATL),TE,0,0
Zach Gentry (PIT),TE,0,0
Marcus Baugh (FA),TE,0.2,0
Stephen Sullivan (CAR),TE,0,0
Stone Smartt (LAC),TE,0,0
Tanner Conner (MIA),TE,0,0
Luke Farrell (JAC),TE,0,0
Tommy Stevens (FA),TE,0,0
Lucas Krull (NO),TE,0,0
Zach Wood (NO),TE,0,0
Sean Culkin (FA),TE,0,0
Tyree Jackson (PHI),TE,0,0
Mitchell Wilcox (CIN),TE,0,0
Peyton Hendershot (DAL),TE,0,0
Patrick Scales (CHI),TE,0,0
Thomas Odukoya (TEN),TE,0,0
Quintin Morris (BUF),TE,0,0
Pat Freiermuth (PIT),TE,0,0
Parker Hesse (ATL),TE,0,0
Rashod Berry (FA),TE,0,0
Noah Togiai (PHI),TE,0,0
Noah Grey (KC),TE,0,0
Noah Gray (KC),TE,0,0
Tommy Sweeney (BUF),TE,0,0
Reggie Gilliam (BUF),TE,0,0
Tyler Mabry (SEA),TE,0,0
Nikola Kalinic (IND),TE,0,0
Ricky Seals-Jones (FA),TE,0,0
Tyler Ott (SEA),TE,0,0
Tucker Fisk (ATL),TE,0,0
Nick Muse (MIN),TE,0,0
Roger Carter Jr. (LAR),TE,0,0
Trey McBride (ARI),TE,0,0
Taysom Hill (NO),TE,0,0
Nick Bowers (CIN),TE,0,0
Ross Travis (FA),TE,0,0
Nate Becker (FA),TE,0,0
Tommy Tremble (CAR),TE,0,0
Jeremy Ruckert (NYJ),TE,0,0
Leroy Watson (SF),TE,0,0
Clark Harris (CIN),TE,0,0
Cole Turner (WAS),TE,0,0
Connor Heyward (PIT),TE,0,0
Curtis Hodges (WAS),TE,0,0
Daniel Bellinger (NYG),TE,0,0
Daniel Helm (FA),TE,0,0
Darnell Dinkins (NO),TE,0,0
Derek Fine (HOU),TE,0,0
Dominique Curry (DET),TE,0,0
Drake Dunsmore (TB),TE,0,0
Dylan Parham (DEN),TE,0,0
Dylan Soehner (NO),TE,0,0
Eric Tomlinson (DEN),TE,0,0
Evan Baylis (FA),TE,0,0
Farrod Green (FA),TE,0,0
Feleipe Franks (ATL),TE,0,0
Garrett Griffin (DET),TE,0,0
Gerrit Prince (JAC),TE,0,0
Giovanni Ricci (CAR),TE,0,0
Grant Calcaterra (PHI),TE,0,0
Cole Fotheringham (LV),TE,0,0
Chris Myarick (NYG),TE,0,0
Lawrence Cager (NYJ),TE,0,0
Chigoziem Okonkwo (TEN),TE,0,0
Andrew Beck (DEN),TE,0,0
Andrew DePaola (MIN),TE,0,0
Andrew Ogletree (IND),TE,0,0
Antonio Gandy-Golden (FA),TE,0,0
Antony Auclair (FA),TE,0,0
Armani Rogers (WAS),TE,0,0
Austin Allen (NYG),TE,0,0
Beau Brinkley (ATL),TE,0,0
Ben Mason (BAL),TE,0,0
Bernhard Seikovits (ARI),TE,0,0
Brad Cottam (KC),TE,0,0
Brevin Jordan (HOU),TE,0,0
Brock Wright (DET),TE,0,0
Bruce Miller (FA),TE,0.2,0
Brycen Hopkins (LAR),TE,0,0
Cade Otton (TB),TE,0,0
Caleb Wilson (FA),TE,0,0
Charlie Kolar (BAL),TE,0,0
Chase Allen (CHI),TE,0,0
Greg Dulcich (DEN),TE,0,0
Hakeem Butler (FA),TE,0,0
Hale Hentges (FA),TE,0,0
Hunter Kampmoyer (LAC),TE,0,0
Jesper Horsted (LV),TE,0,0
Jody Fortson (KC),TE,0,0
Joey Haynos (MIA),TE,0,0
John Bates (WAS),TE,0,0
John FitzPatrick (ATL),TE,0,0
John Lovett (MIA),TE,0,0
Jordan Franks (KC),TE,0,0
Jordan Matthews (SF),TE,0,0
Josh Oliver (BAL),TE,0,0
Justin Rigg (PIT),TE,0,0
Justin Snow (IND),TE,0,0
Keith Zinger (ATL),TE,0,0
Kendall Blanton (KC),TE,0,0
Kenny Yeboah (NYJ),TE,0,0
Kevin Rader (TEN),TE,0,0
Ko Kieft (TB),TE,0,0
Kyle Nelson (FA),TE,0,0
Kyle Pitts (ATL),TE,0,0
Kylen Granson (IND),TE,0,0
Jeremy Sprinkle (FA),TE,0.6,0
Jelani Woods (IND),TE,0,0
Jeff Driskel (HOU),TE,0,0
Jack Stoll (PHI),TE,0,0
Hunter Long (MIA),TE,0,0
Ian Bunting (DAL),TE,0,0
Isaac Nauta (FA),TE,0.3,0
Isaiah Likely (BAL),TE,0,0
J.J. Arcega-Whiteside (SEA),TE,0,0
J.P. Foschi (CIN),TE,0,0
J.P. Holtz (NO),TE,0,0
JJ Howland (TB),TE,0,0
Jacob Harris (LAR),TE,0,0
Jared Scott (IND),TE,0,0
Jake Bargas (FA),TE,0,0
Jake Ferguson (DAL),TE,0,0
Jake Tonges (CHI),TE,0,0
Jalen Wydermyer (NE),TE,0,0
James Dearth (NYJ),TE,0,0
James Mitchell (DET),TE,0,0
James Winchester (KC),TE,0,0
Jared Pinkney (LAR),TE,0,0
Zaire Mitchell-Paden (CLE),TE,0,0
Dominik Eberle (DET),KR,13,13
Daniel Carlson (LV),KR,164.5,9.95
Evan McPherson (CIN),KR,154,9.6
Matt Gay (LAR),KR,112.5,9.4
Younghoe Koo (ATL),KR,146.5,9.3
Justin Tucker (BAL),KR,153.5,9.3
Greg Joseph (MIN),KR,156,9.2
Greg Zuerlein (NYJ),KR,146.5,9.2
Rodrigo Blankenship (FA),KR,97.5,9.2
Tyler Bass (BUF),KR,150,9.1
Nick Folk (NE),KR,147,8.9
Jason Sanders (MIA),KR,143.5,8.8
Harrison Butker (KC),KR,137,8.6
Ryan Succop (TB),KR,141.5,8.6
Chris Boswell (PIT),KR,131,8.6
Riley Patterson (JAC),KR,59,8.4
Tristan Vizcaino (FA),KR,20.5,8.4
Wil Lutz (NO),KR,135,8.4
Brandon McManus (DEN),KR,132.5,8.35
Dustin Hopkins (LAC),KR,137.5,8.3
Randy Bullock (TEN),KR,115,8.2
Joey Slye (WAS),KR,114.5,8.2
Matt Prater (ARI),KR,135.5,8.2
Zane Gonzalez (CAR),KR,98,8.2
Stephen Gostkowski (FA),KR,119,7.9
Robbie Gould (SF),KR,109,7.85
Brett Maher (DAL),KR,62,7.8
Graham Gano (NYG),KR,128,7.75
Cairo Santos (CHI),KR,127.5,7.75
Mason Crosby (GB),KR,127,7.7
Michael Badgley (FA),KR,111,7.65
Eddy Pineiro (CAR),KR,38,7.6
Mike Nugent (FA),KR,30,7.5
Jason Myers (SEA),KR,121,7.35
Sam Sloman (FA),KR,55,6.9
Jake Elliott (PHI),KR,112.5,6.75
Ka'imi Fairbairn (HOU),KR,100,6.75
Matthew Wright (FA),KR,54,6.6
Austin Seibert (DET),KR,34.5,6.2
Sam Ficken (FA),KR,54,6
Sergio Castillo (NYJ),KR,36,6
Dan Bailey (FA),KR,90,5.6
Chris Blewitt (FA),KR,11,5.5
Aldrick Rosas (DET),KR,30.5,5.45
Chase McLaughlin (IND),KR,56.5,5.4
Brian Johnson (FA),KR,42,5.3
Cody Parkey (FA),KR,56.5,5.15
Lirim Hajrullahu (FA),KR,20,5
Kai Forbath (LAR),KR,10,5
Matt Ammendola (KC),KR,55,5
Elliott Fry (FA),KR,10.5,4.85
Ryan Santoso (FA),KR,18,4.5
Josh Lambo (FA),KR,16.5,4.35
Chris Naggar (FA),KR,4,4
Jonathan Brown (FA),KR,4,4
Stephen Hauschka (FA),KR,2,2
Taylor Russolino (FA),KR,1,1
Brandon Wright (FA),KR,1,1
JJ Molson (FA),KR,0,0
Cameron Nizialek (FA),KR,0,0
Alex Kessman (FA),KR,0,0
Michael Palardy (FA),KR,0,0
Ty Long (NYJ),KR,-1.4,-0.1
Derrick Henry (TEN),RB,244.7,20.75
Christian McCaffrey (CAR),RB,81.95,18.7
Dalvin Cook (MIN),RB,233.05,17.15
Alvin Kamara (NO),RB,241.25,17.05
Jonathan Taylor (IND),RB,274.95,17.05
Nick Chubb (CLE),RB,193.5,15
Joe Mixon (CIN),RB,162.25,14.25
Austin Ekeler (LAC),RB,192.55,14.1
Aaron Jones (GB),RB,194.45,13.45
Najee Harris (PIT),RB,226.7,13.3
David Montgomery (CHI),RB,182.4,12.55
Josh Jacobs (LV),RB,185.15,12.35
James Conner (ARI),RB,175.15,12.35
James Robinson (JAC),RB,172.15,12.3
Elijah Mitchell (SF),RB,146,12.2
Antonio Gibson (WAS),RB,176.65,11.8
Ezekiel Elliott (DAL),RB,188.4,11.75
Chris Carson (FA),RB,96.45,11.55
D'Andre Swift (DET),RB,145.35,11.2
Kareem Hunt (CLE),RB,134.25,11.15
Melvin Gordon III (DEN),RB,166.8,10.8
Damien Harris (NE),RB,139.2,10.7
Leonard Fournette (TB),RB,141.3,10.35
Clyde Edwards-Helaire (KC),RB,118.75,10.3
Antonio Williams (NYG),RB,10.15,10.15
Myles Gaskin (MIA),RB,123.9,9.8
Miles Sanders (PHI),RB,116.8,9.75
Javonte Williams (DEN),RB,161.9,9.5
Darrell Henderson Jr. (LAR),RB,124.35,9.4
Todd Gurley II (FA),RB,138.2,9.2
Kenyan Drake (BAL),RB,119.85,8.55
Michael Carter (NYJ),RB,118.4,8.5
Rhamondre Stevenson (NE),RB,100.9,8.4
Duke Johnson Jr. (BUF),RB,55.75,8.05
David Johnson (FA),RB,97.9,8
Ronald Jones II (KC),RB,113.75,7.95
Devin Singletary (BUF),RB,131.7,7.95
Jeff Wilson Jr. (SF),RB,86.9,7.85
Chase Edmonds (MIA),RB,107.65,7.8
Mike Davis (BAL),RB,120.85,7.65
Sony Michel (LAC),RB,96.8,7.5
J.D. McKissic (WAS),RB,98.15,7.35
Latavius Murray (FA),RB,103.4,7.1
Jamaal Williams (DET),RB,94.95,7.05
Chuba Hubbard (CAR),RB,112.6,7
Tony Pollard (DAL),RB,108.2,7
Rex Burkhead (HOU),RB,80.95,6.8
Zack Moss (BUF),RB,84.9,6.5
Jordan Howard (FA),RB,45.1,6.4
Devonta Freeman (FA),RB,70.8,6.4
Adrian Peterson (FA),RB,67.55,6.35
Rashaad Penny (SEA),RB,59.55,6.35
Raheem Mostert (MIA),RB,42.85,6.25
Saquon Barkley (NYG),RB,58.5,6.2
AJ Dillon (GB),RB,94.95,6.2
Nyheim Hines (IND),RB,101.4,6.2
Boston Scott (PHI),RB,78.1,6.1
Alex Collins (FA),RB,39.95,6.05
D'Onta Foreman (CAR),RB,50.45,6.05
Salvon Ahmed (MIA),RB,42.3,6.05
Derrick Gore (FA),RB,48.1,6
Alexander Mattison (MIN),RB,83.9,5.8
Kenneth Gainwell (PHI),RB,90.4,5.7
Cordarrelle Patterson (ATL),RB,91.3,5.7
Frank Gore (FA),RB,84.2,5.6
James White (FA),RB,43.4,5.6
Darrel Williams (ARI),RB,92.75,5.55
Devontae Booker (FA),RB,86.4,5.4
Giovani Bernard (TB),RB,73.6,5.25
Brandon Bolden (LV),RB,83.1,5.2
T.J. Yeldon (FA),RB,15.2,5.1
Mark Ingram II (NO),RB,64.25,5.05
J.K. Dobbins (BAL),RB,75.25,5
Justin Jackson (DET),RB,55.25,4.85
Carlos Hyde (FA),RB,51.35,4.85
Ryquell Armstead (FA),RB,9.6,4.8
Le'Veon Bell (FA),RB,45.85,4.7
Ito Smith (FA),RB,23.35,4.65
Wayne Gallman Jr. (FA),RB,64.05,4.55
Ty Johnson (NYJ),RB,65.15,4.55
JaQuan Hardy (FA),RB,8.9,4.5
Reggie Bonnafon (FA),RB,8.15,4.5
Malcolm Brown (FA),RB,52.8,4.35
Rodney Smith (FA),RB,16.15,4.35
Jermar Jefferson (DET),RB,21.7,4.3
Phillip Lindsay (IND),RB,50.2,4.2
Trey Sermon (PHI),RB,25.3,4.2
Alfred Morris (FA),RB,37.7,4.2
Jerick McKinnon (KC),RB,58.05,4.15
Cam Akers (LAR),RB,46.05,4.15
Ty'Son Williams (FA),RB,32.9,4.1
Khalil Herbert (CHI),RB,64.9,4.1
Matt Breida (NYG),RB,34.35,3.95
Chris Evans (CIN),RB,34.8,3.9
Josh Adams (FA),RB,30.6,3.8
D'Ernest Johnson (CLE),RB,51.55,3.8
Gus Edwards (BAL),RB,59.6,3.75
Dontrell Hilliard (TEN),RB,29.35,3.7
Damien Williams (ATL),RB,44.7,3.7
Marlon Mack (FA),RB,8.25,3.7
Peyton Barber (FA),RB,45.45,3.6
Ke'Shawn Vaughn (TB),RB,25.45,3.6
Samaje Perine (CIN),RB,55.45,3.55
Kyle Juszczyk (SF),RB,53.2,3.4
Kerryon Johnson (FA),RB,52.8,3.3
Jaret Patterson (WAS),RB,45.9,3.3
Kalen Ballage (FA),RB,34.65,3.2
Bo Scarbrough (FA),RB,3.1,3.1
Craig Reynolds (DET),RB,14.45,3
Patrick Taylor Jr. (GB),RB,15.2,3
DeAndre Washington (FA),RB,12.1,3
Travis Homer (SEA),RB,34.8,2.95
La'Mical Perine (FA),RB,22.3,2.9
Joshua Kelley (LAC),RB,35.1,2.85
Eno Benjamin (ARI),RB,22,2.8
DeeJay Dallas (SEA),RB,39.5,2.8
Chris Thompson (FA),RB,22.6,2.8
Jeremy McNichols (PIT),RB,38.75,2.75
Jason Huntley (PIT),RB,3.5,2.75
JaMycal Hasty (JAC),RB,25.3,2.7
Austin Walter (LV),RB,10,2.55
Tevin Coleman (FA),RB,24.6,2.4
Benny Snell Jr. (PIT),RB,38,2.4
J.J. Taylor (NE),RB,12.95,2.4
Dion Lewis (FA),RB,38.2,2.4
Brian Hill (FA),RB,35.2,2.2
Demetric Felton Jr. (CLE),RB,32.5,2.2
Ameer Abdullah (LV),RB,36.75,2.2
Dare Ogunbowale (HOU),RB,28.5,2.15
Kene Nwangwu (MIN),RB,19,2.1
Troymaine Pope (FA),RB,11.8,2
Nick Bawden (NYJ),RB,2,2
Tyler Ervin (FA),RB,15.1,1.9
Tarik Cohen (FA),RB,5.75,1.9
Jalen Richard (FA),RB,21.65,1.85
Royce Freeman (HOU),RB,24.85,1.85
Darrynton Evans (CHI),RB,7.95,1.85
Deon Jackson (IND),RB,9.1,1.8
Jonathan Williams (WAS),RB,8.65,1.7
Jordan Wilkins (FA),RB,24.65,1.65
Alec Ingold (MIA),RB,16,1.6
Corey Clement (FA),RB,19.45,1.6
Ty Montgomery (NE),RB,13.35,1.55
Trayveon Williams (CIN),RB,11.1,1.55
Trey Ragas (LAR),RB,1.5,1.5
Tony Jones Jr. (NO),RB,9.2,1.5
Larry Rountree III (LAC),RB,14.6,1.5
Mike Boone (DEN),RB,9.3,1.35
Qadree Ollison (DAL),RB,8,1.35
LeSean McCoy (FA),RB,13.2,1.3
John Kelly Jr. (CLE),RB,1.3,1.3
Wendell Smallwood (FA),RB,2.35,1.2
Johnny Stanton IV (FA),RB,3.6,1.2
Elijhaa Penny (FA),RB,15.2,1.2
Jacques Patrick (FA),RB,1.2,1.2
C.J. Ham (MIN),RB,16.7,1.15
Theo Riddick (FA),RB,5.7,1.1
Patrick Ricard (BAL),RB,10.55,1.1
Anthony McFarland Jr. (PIT),RB,9.05,1
Darwin Thompson (SEA),RB,13.1,1
Artavis Pierce (FA),RB,4.7,0.95
Godwin Igwebuike (FA),RB,14,0.9
Andy Janovich (FA),RB,5.3,0.8
C.J. Prosise (FA),RB,7.7,0.8
Patrick Laird (TB),RB,7.05,0.75
Michael Burton (KC),RB,8.15,0.75
Damarea Crockett (DEN),RB,0.7,0.7
Gabe Nabers (FA),RB,8.85,0.7
Jaylen Samuels (FA),RB,4.85,0.65
Lamar Miller (FA),RB,0.6,0.6
Jakob Johnson (LV),RB,6.9,0.6
Anthony Sherman (FA),RB,7.3,0.6
Jonathan Ward (ARI),RB,6.9,0.6
Keith Smith (ATL),RB,7.65,0.55
Alex Armah Jr. (FA),RB,5.45,0.5
Ryan Nall (FA),RB,6.75,0.5
Scottie Phillips (FA),RB,1.9,0.45
Reggie Gilliam (BUF),RB,5.1,0.4
Kylin Hill (GB),RB,2.9,0.4
Tony Brooks-James (FA),RB,0.4,0.4
Adam Prentice (NO),RB,2.1,0.4
Justice Hill (BAL),RB,4,0.35
Buddy Howell (FA),RB,3.9,0.35
Devine Ozigbo (DEN),RB,2.35,0.35
Dexter Williams (FA),RB,0.8,0.3
Dwayne Washington (NO),RB,2.15,0.25
Mekhi Sargent (JAC),RB,1.1,0.2
LeVante Bellamy (FA),RB,0.8,0.15
Senorise Perry (FA),RB,0.9,0.1
D.J. Foster (FA),RB,0.9,0.1
Gary Brightwell (NYG),RB,1,0.1
Chandler Cox (FA),RB,0.9,0.1
Trenton Cannon (TEN),RB,1.65,0.1
Jake Funk (LAR),RB,0.5,0.1
Rico Dowdle (DAL),RB,1.2,0.1
Cullen Gillaspia (FA),RB,0.3,0.05
Nathan Cottrell (FA),RB,0.15,0.05
Derek Watt (PIT),RB,0.8,0.05
Khari Blasingame (CHI),RB,1.45,0.05
Taiwan Jones (BUF),RB,0,0
Connor Heyward (PIT),RB,0,0
Willie Carter (CHI),RB,0,0
Xavier Jones (FA),RB,0,0
Chad Spann (HOU),RB,0,0
Sandro Platzgummer (NYG),RB,0,0
Xavier Omon (SF),RB,0,0
Samkon Gado (TEN),RB,0,0
Trevon Wesco (CHI),RB,0,0
ZaQuandre White (MIA),RB,0,0
Chad Simpson (WAS),RB,0,0
Caleb Huntley (ATL),RB,0,0
Trestan Ebner (CHI),RB,0,0
Zamir White (LV),RB,0,0
Zander Horvath (LAC),RB,0,0
Tory Carter (TEN),RB,0,0
Dantrell Savage (CAR),RB,0,0
Darius Anderson (HOU),RB,0,0
Tyrion Davis-Price (SF),RB,0,0
Tyler Goodson (GB),RB,0,0
Travis Etienne Jr. (JAC),RB,0,0
Taquan Mizzell (NYG),RB,0,0
Sutton Smith (FA),RB,0,0
Ty Chandler (MIN),RB,0,0
Spencer Brown (FA),RB,0,0
Dameon Pierce (HOU),RB,0,0
Tyler Allgeier (ATL),RB,0,0
D'Vonte Price (IND),RB,0,0
Tim Flanders (NO),RB,0,0
Snoop Conner (JAC),RB,0,0
Darius Bradwell (FA),RB,0,0
Trey Edmunds (FA),RB,0,0
Sincere McCormick (LV),RB,0,0
Shane Bannon (KC),RB,0,0
Sewo Olonilua (FA),RB,0,0
Tyler Badie (BAL),RB,0,0
Jeremy Cox (FA),RB,0,0
Elijah Holyfield (CIN),RB,0,0
Jason Cabinda (DET),RB,0,0
Jake Tonges (CHI),RB,0,0
Kenny Irons (CIN),RB,0,0
Kennedy Brooks (PHI),RB,0,0
Kenjon Barner (TB),RB,0,0
Bryant Koback (MIN),RB,0,0
Ken Walker III (SEA),RB,0,0
Keaontay Ingram (ARI),RB,0,0
Bruce Miller (FA),RB,0,0
James Cook (BUF),RB,0,0
Brittain Brown (LV),RB,0,0
Jashaun Corbin (NYG),RB,0,0
Julius Chestnut (TEN),RB,0,0
Josh Johnson (SEA),RB,0,0
Elijah McGuire (FA),RB,0,0
Brandin Bryant (BUF),RB,0,0
Javian Hawkins (TEN),RB,0,0
Javon Leake (FA),RB,0,0
Jordan Mason (SF),RB,0,0
Brian Robinson Jr. (WAS),RB,0,0
Jay Finley (CIN),RB,0,0
Breece Hall (NYJ),RB,0,0
John Lovett (MIA),RB,0,0
John Lovett (CAR),RB,0,0
Brennan Clay (DEN),RB,0,0
Jerrion Ealy (KC),RB,0,0
Jerome Ford (CLE),RB,0,0
Kevin Harris (NE),RB,0,0
Jake Bargas (FA),RB,0,0
Kyren Williams (LAR),RB,0,0
Gerrid Doaks (HOU),RB,0,0
Raymond Calais (FA),RB,0,0
Andrew Beck (DEN),RB,0,0
Raheem Blackshear (BUF),RB,0,0
Rachaad White (TB),RB,0,0
Pooka Williams Jr. (FA),RB,0,0
Pierre Strong Jr. (NE),RB,0,0
Jaylen Warren (PIT),RB,0,0
Garrett Mills (NE),RB,0,0
Nick Ralston (FA),RB,0,0
Anthony Alridge (WAS),RB,0,0
Nick Bellore (SEA),RB,0,0
Mike Weber (NYG),RB,0,0
Michael Warren II (FA),RB,0,0
Avery Williams (ATL),RB,0,0
B.J. Emmons (FA),RB,0,0
Giovanni Ricci (CAR),RB,0,0
Hassan Haskins (TEN),RB,0,0
Malik Davis (DAL),RB,0,0
Isaiah Spiller (LAC),RB,0,0
Madison Hedgecock (NYG),RB,0,0
Ben Mason (BAL),RB,0,0
Isiah Pacheco (KC),RB,0,0
J.P. Holtz (NO),RB,0,0
Zonovan Knight (NYJ),RB,0,0
Nate McCrary (FA),RB,-0.1,-0.1
Adrian Killins Jr. (FA),RB,-1,-1
